{
  "experiment_id": "classical_ml_20250925_013056",
  "timestamp": "2025-09-25T01:31:00.324070",
  "dataset_info": {
    "total_samples": 112,
    "feature_dimensions": 79,
    "question_type_distribution": [
      39,
      73
    ],
    "wait_time_distribution": [
      69,
      39,
      4
    ],
    "class_score_stats": {
      "mean": 3.8080357142857144,
      "std": 0.7536978355388307,
      "min": 2.0,
      "max": 5.0
    }
  },
  "models_trained": [
    "question_classifier",
    "wait_time_detector",
    "class_scorer"
  ],
  "overall_metrics": {
    "question_classifier": {
      "model_name": "question_classifier",
      "task_type": "classification",
      "cv_scores": [
        0.8695652173913043,
        1.0,
        1.0,
        0.9545454545454546,
        1.0
      ],
      "mean_cv_score": 0.9648221343873518,
      "std_cv_score": 0.05077782404032167,
      "train_score": 1.0,
      "test_score": 0.9648221343873518,
      "feature_importance": [
        0.22886943066918955,
        0.12265199203137313,
        0.002676282736825632,
        0.0011461437819517797,
        0.003157436408241302,
        0.16718883473169752,
        0.003173675820916656,
        0.001632638695295986,
        0.0011816163599453313,
        0.0038174013072937306,
        0.004154933700239393,
        0.005453238329136335,
        0.01621993932007432,
        0.00648608991520887,
        0.003750595428808641,
        0.023656139369276435,
        0.0016431226101048227,
        0.0,
        0.13872077127280863,
        0.005112990831596592,
        0.03879866906526469,
        0.02417427871705432,
        0.009858355862174008,
        0.013337784754051634,
        0.006384914891841108,
        0.0,
        0.03709239834814011,
        0.021046603431210075,
        0.029586331092428635,
        0.0,
        0.004211464198663093,
        0.0035940315910499817,
        0.004065328214590372,
        0.0,
        0.0,
        0.0,
        0.0,
        0.0,
        0.0,
        0.0,
        0.008018861886716685,
        0.006490488150270477,
        0.0012588632184633393,
        0.0,
        0.0,
        0.00916242446627459,
        0.005289451949647603,
        0.00015202991018032762,
        0.00019541769660078444,
        0.0,
        0.0,
        0.0,
        0.0,
        0.0,
        0.0,
        0.01069254374350945,
        0.00156708644217741,
        0.0017679064977321737,
        0.0013117628472465762,
        0.0011343952753293917,
        0.0,
        0.0006175027078730771,
        0.0032887121206126285,
        0.0005257564894315815,
        0.0012812661695304139,
        0.003312407109350388,
        0.006829869026796863,
        0.0,
        0.0004648761705106676,
        0.0,
        0.003794944635292926,
        0.0,
        0.0,
        0.0,
        0.0,
        0.0,
        0.0,
        0.0,
        0.0
      ],
      "confusion_matrix": [
        [
          39,
          0
        ],
        [
          0,
          73
        ]
      ],
      "classification_report": {
        "0": {
          "precision": 1.0,
          "recall": 1.0,
          "f1-score": 1.0,
          "support": 39.0
        },
        "1": {
          "precision": 1.0,
          "recall": 1.0,
          "f1-score": 1.0,
          "support": 73.0
        },
        "accuracy": 1.0,
        "macro avg": {
          "precision": 1.0,
          "recall": 1.0,
          "f1-score": 1.0,
          "support": 112.0
        },
        "weighted avg": {
          "precision": 1.0,
          "recall": 1.0,
          "f1-score": 1.0,
          "support": 112.0
        }
      },
      "training_time": 1.388399362564087,
      "inference_time": 1.2724637985229492
    },
    "wait_time_detector": {
      "model_name": "wait_time_detector",
      "task_type": "classification",
      "cv_scores": [
        0.9565217391304348,
        0.9565217391304348,
        0.9090909090909091,
        0.9090909090909091,
        0.9545454545454546
      ],
      "mean_cv_score": 0.9371541501976285,
      "std_cv_score": 0.02292490118577078,
      "train_score": 1.0,
      "test_score": 0.9371541501976285,
      "feature_importance": null,
      "confusion_matrix": [
        [
          69,
          0,
          0
        ],
        [
          0,
          39,
          0
        ],
        [
          0,
          0,
          4
        ]
      ],
      "classification_report": {
        "0": {
          "precision": 1.0,
          "recall": 1.0,
          "f1-score": 1.0,
          "support": 69.0
        },
        "1": {
          "precision": 1.0,
          "recall": 1.0,
          "f1-score": 1.0,
          "support": 39.0
        },
        "2": {
          "precision": 1.0,
          "recall": 1.0,
          "f1-score": 1.0,
          "support": 4.0
        },
        "accuracy": 1.0,
        "macro avg": {
          "precision": 1.0,
          "recall": 1.0,
          "f1-score": 1.0,
          "support": 112.0
        },
        "weighted avg": {
          "precision": 1.0,
          "recall": 1.0,
          "f1-score": 1.0,
          "support": 112.0
        }
      },
      "training_time": 1.0836646556854248,
      "inference_time": 0.033473968505859375
    },
    "class_scorer": {
      "model_name": "class_scorer",
      "task_type": "regression",
      "cv_scores": [
        0.8469929187601932,
        0.9552864777174248,
        0.9063902411589289,
        0.961147783059918,
        0.8492970275159353
      ],
      "mean_cv_score": 0.9038228896424799,
      "std_cv_score": 0.04928275728447378,
      "train_score": 0.9980187823922734,
      "test_score": 0.9038228896424799,
      "feature_importance": [
        0.0491678433838818,
        0.0010158673731887522,
        0.002167271872906907,
        0.004319490677620595,
        0.06307283386739233,
        0.06316285491233244,
        0.06533017724709558,
        0.011377312176462777,
        0.18771254114805633,
        0.01900823556639421,
        0.005024646975304737,
        0.0014111762229813256,
        0.03730400650129065,
        0.00030997897464238593,
        0.00017992544340431408,
        0.01290247221341146,
        0.007307128119816934,
        0.0012580928667017975,
        0.00721562822953504,
        7.882669124177548e-05,
        0.036677718817896644,
        0.00753552218426974,
        0.0022627187815887307,
        0.0003475918329259821,
        0.010302013465478297,
        0.0,
        0.0046260203329000875,
        0.045888334251123916,
        0.012066494377989916,
        0.0,
        0.0167642365648434,
        0.0022590147852615382,
        0.0008708200426162715,
        0.0,
        0.0,
        0.0,
        0.0,
        0.0,
        0.0,
        0.0,
        0.014851819865396628,
        0.035007895075319574,
        0.046175574821680276,
        0.024319859138693882,
        0.0,
        0.0018281462459900186,
        0.10936278899348029,
        0.058820275737925996,
        0.00019257197158059196,
        0.0,
        0.0,
        0.0,
        0.0,
        0.0,
        0.0,
        0.00026151110375918345,
        0.0012690864537119335,
        0.0018983577419716265,
        0.0006389273021617921,
        0.0008803535936629273,
        0.0,
        0.0032511502935588035,
        0.007016982538163836,
        0.005566604386817483,
        0.00012863474755847826,
        0.00043512087093235845,
        0.0026363506396856,
        1.9299444407570183e-07,
        0.0015841982172038838,
        0.0,
        0.004946801365744089,
        0.0,
        0.0,
        0.0,
        0.0,
        0.0,
        0.0,
        0.0,
        0.0
      ],
      "confusion_matrix": null,
      "classification_report": {
        "r2_score": 0.9980187823922734,
        "mse": 0.001125451320811382,
        "mae": 0.013735645366262175,
        "rmse": 0.03354774688129416
      },
      "training_time": 1.1415488719940186,
      "inference_time": 0.0274658203125
    }
  },