{
  "experiment_id": "classical_ml_20250926_034710",
  "timestamp": "2025-09-26T03:47:12.903190",
  "dataset_info": {
    "total_samples": 112,
    "feature_dimensions": 79,
    "question_type_distribution": [
      39,
      73
    ],
    "wait_time_distribution": [
      69,
      39,
      4
    ],
    "class_score_stats": {
      "mean": 3.8080357142857144,
      "std": 0.7536978355388307,
      "min": 2.0,
      "max": 5.0
    }
  },
  "models_trained": [
    "question_classifier",
    "wait_time_detector",
    "class_scorer"
  ],
  "overall_metrics": {
    "question_classifier": {
      "model_name": "question_classifier",
      "task_type": "classification",
      "cv_scores": [
        0.9565217391304348,
        1.0,
        1.0,
        0.9545454545454546,
        1.0
      ],
      "mean_cv_score": 0.9822134387351777,
      "std_cv_score": 0.021792962453897564,
      "train_score": 0.9910714285714286,
      "test_score": 0.9822134387351777,
      "feature_importance": [
        0.2145337327864768,
        0.13348468476104355,
        0.002245542538273417,
        0.003484572465183371,
        0.004334771229076658,
        0.18682102423188623,
        0.0015278604106148885,
        0.004885328579685489,
        0.0064086338910328364,
        0.005090642551044137,
        0.005728494686696272,
        0.005694605803910427,
        0.023809670156710795,
        0.010700650226851231,
        0.0004435354549665613,
        0.029603446662822854,
        0.0034326689513041377,
        0.062145106301699865,
        0.0028780996069705765,
        0.003717330011140494,
        0.03746163669248013,
        0.029682338601390024,
        0.011360879727274011,
        0.011295693783229144,
        0.007307058259515675,
        0.0,
        0.05146679379401644,
        0.026766900833921085,
        0.03647982114762699,
        0.0,
        0.0018832348868818732,
        0.002411279218321902,
        0.0015784490344039664,
        0.0,
        0.0,
        0.0,
        0.0,
        0.0,
        0.0,
        0.0,
        0.01266959673181394,
        0.0041150987528844295,
        0.0009652934710411317,
        0.0,
        0.0,
        0.003264124820579102,
        0.004916088547604179,
        0.0005442099578021197,
        0.0032774746011016366,
        0.0,
        0.0,
        0.0,
        0.0,
        0.0,
        0.0,
        0.010247458044995005,
        0.0012546423083587283,
        0.0019213970968266951,
        0.0008965663793012763,
        0.0010699985849844846,
        0.0,
        0.00017871659258877939,
        0.005217194713611572,
        0.001279216604615513,
        0.0012372151834439207,
        0.004614605180034831,
        0.00758456248722038,
        0.0,
        0.0009709295345686857,
        0.0,
        0.005111123120171622,
        0.0,
        0.0,
        0.0,
        0.0,
        0.0,
        0.0,
        0.0,
        0.0
      ],
      "confusion_matrix": [
        [
          38,
          1
        ],
        [
          0,
          73
        ]
      ],
      "classification_report": {
        "0": {
          "precision": 1.0,
          "recall": 0.9743589743589743,
          "f1-score": 0.987012987012987,
          "support": 39.0
        },
        "1": {
          "precision": 0.9864864864864865,
          "recall": 1.0,
          "f1-score": 0.9931972789115646,
          "support": 73.0
        },
        "accuracy": 0.9910714285714286,
        "macro avg": {
          "precision": 0.9932432432432432,
          "recall": 0.9871794871794872,
          "f1-score": 0.9901051329622759,
          "support": 112.0
        },
        "weighted avg": {
          "precision": 0.991192084942085,
          "recall": 0.9910714285714286,
          "f1-score": 0.9910438201254527,
          "support": 112.0
        }
      },
      "training_time": 1.6076126098632812,
      "inference_time": 1.3340473175048828
    },
    "wait_time_detector": {
      "model_name": "wait_time_detector",
      "task_type": "classification",
      "cv_scores": [
        0.9565217391304348,
        0.9565217391304348,
        0.9090909090909091,
        0.9090909090909091,
        0.9545454545454546
      ],
      "mean_cv_score": 0.9371541501976285,
      "std_cv_score": 0.02292490118577078,
      "train_score": 1.0,
      "test_score": 0.9371541501976285,
      "feature_importance": null,
      "confusion_matrix": [
        [
          69,
          0,
          0
        ],
        [
          0,
          39,
          0
        ],
        [
          0,
          0,
          4
        ]
      ],
      "classification_report": {
        "0": {
          "precision": 1.0,
          "recall": 1.0,
          "f1-score": 1.0,
          "support": 69.0
        },
        "1": {
          "precision": 1.0,
          "recall": 1.0,
          "f1-score": 1.0,
          "support": 39.0
        },
        "2": {
          "precision": 1.0,
          "recall": 1.0,
          "f1-score": 1.0,
          "support": 4.0
        },
        "accuracy": 1.0,
        "macro avg": {
          "precision": 1.0,
          "recall": 1.0,
          "f1-score": 1.0,
          "support": 112.0
        },
        "weighted avg": {
          "precision": 1.0,
          "recall": 1.0,
          "f1-score": 1.0,
          "support": 112.0
        }
      },
      "training_time": 0.4966580867767334,
      "inference_time": 0.014662742614746094
    },
    "class_scorer": {
      "model_name": "class_scorer",
      "task_type": "regression",
      "cv_scores": [
        0.8682025667845007,
        0.9397561429117947,
        0.8451576159979725,
        0.9425393461096337,
        0.8829111637144225
      ],
      "mean_cv_score": 0.8957133671036648,
      "std_cv_score": 0.03901041636905147,
      "train_score": 0.996946363746692,
      "test_score": 0.8957133671036648,
      "feature_importance": [
        0.029849860240832565,
        0.0192029579959052,
        0.0014752801866240585,
        0.006239285939316688,
        0.08918509140679168,
        0.04641562229017632,
        0.06801752613847967,
        0.022009825739462644,
        0.19804924682242298,
        0.02028350512102776,
        0.00583321931400788,
        0.0006423838509380934,
        0.04310664641346094,
        0.00046754044615239645,
        5.4829243468375025e-05,
        0.02223747810456687,
        0.009001451005096932,
        0.006335036030046534,
        0.00011646841085443116,
        0.0001168707970824408,
        0.02981289877465725,
        0.00496662927395252,
        0.009518774803890628,
        0.000678893987007759,
        0.00398044283037411,
        0.0,
        0.0012371002550757041,
        0.01891840108363632,
        0.007081752966812618,
        0.0,
        0.020915471790307054,
        0.001654340748000074,
        0.0021861654779357018,
        0.0,
        0.0,
        0.0,
        0.0,
        0.0,
        0.0,
        0.0,
        0.006490039221599228,
        0.041381117065378545,
        0.04943246713402158,
        0.020789238515864117,
        0.0,
        0.0012766825613262228,
        0.09015269732421088,
        0.07038642133935077,
        0.0043914214957172714,
        0.0,
        0.0,
        0.0,
        0.0,
        0.0,
        0.0,
        0.00016875443813478764,
        0.00016724258997837438,
        0.00039286936524261074,
        0.00011920823820989905,
        6.707120316104869e-05,
        0.0,
        0.002907584567927532,
        0.00960276680990414,
        0.005470738832229323,
        0.00020936763905277437,
        0.00251880335379166,
        0.001295196446583274,
        0.0,
        0.0010510876085097942,
        0.0,
        0.0021382267614420435,
        0.0,
        0.0,
        0.0,
        0.0,
        0.0,
        0.0,
        0.0,
        0.0
      ],
      "confusion_matrix": null,
      "classification_report": {
        "r2_score": 0.996946363746692,
        "mse": 0.0017346499148604693,
        "mae": 0.015202868503538787,